Máquina,Fecha,Semana,EO,Marca que termina,Marca nueva,Formatos completados,Analisis CF,Razón de desviación,Recomendación de mejoras,Tiempo Objetivo,Tiempo Real,Run time Next 2 Hours,#Stops Next 2 Hours,mtbf,Variación de CO,Desperdicio en la hora 2
KDF10,2/6/2025,6,Victor Sanchez,34.C49F,34.CZQ8,SI,100%,Cambio de cinta formadora en mal estado paros por filtro atravesado en bajada 144mm.,N/A,120,119,111,3,37,1%,
KDF11,2/15/2025,7,Nicolas,34.C240,34.CDQY,NO,33%,N/A,N/A,45,61,115,0,#DIV/0!,-36%,
KDF8,2/20/2025,8,Marco ,34.C2Q1,34.C4GAC,NO,33%,N/A,N/A,100,90,100,3,33.33333333,10%,
KDF10,2/24/2025,9,Roberto Soltero,34.C2QCC,34.C2QCC,SI,100%,Todo OK,Tener buffer para un buen arranque de inicio de semana.,120,115,113,1,113,4%,
KDF10,2/28/2025,9,Roberto ,34.C2QC,34.C3FAC,SI,100%,Falta de semifiltro ,Dejar buffer,65,64,84,2,42,2%,
KDF8,2/25/2025,9,César,34.C24VC,34.C2QI,SI,100%,Paros por mecha enredada en rodillo gemelo ,Reducir presión transporjet,95,111,114,6,19,-17%,
KDF8,2/25/2025,9,Eduardo Vela,34.C46AC,34.C24VC,NO,0%,N/A,N/A,,,,,#DIV/0!,#DIV/0!,
KDF8,2/24/2025,9,Cesar,N/A,34.C24VC,NO,66%,Arranque sin problema ,N/A,,,128,1,128,#DIV/0!,
KDF8,2/28/2025,9,Marco,34.I46AC,34.C3DFC,NO,66%,Paro por capsula atorada ,N/A,60,51,117,1,117,15%,
KDF8,2/24/2025,9,Eduardo U,34.C24U,34.C46AC,NO,66%,Retirar la capsula por poste de los materialistas en menor tiempo ,N/A,60,52,120,0,#DIV/0!,13%,
KDF17,2/24/2025,9,Monserrat,34.C46B,34.C53V,SI,100%,"El cambio de marca se realizo en sutiempo, se arranca tarde ya que paramos para el comedor.",Todo en orden,65,106,115,1,115,-63%,
KDF17,2/26/2025,9,Roberto,34.C53V,34.C47H,NO,33%,N/A,N/A,65,30,108,3,36,54%,
KDF17,2/26/2025,9,Roberto,34.C47H,34.C46B,NO,33%,N/A,N/A,65,67,118,1,118,-3%,
KDF11,2/25/2025,9,Nicolas,34.C21V,34.C2QY,SI,100%,"Al arranque empieza a tirar filtro por capsula faltante, se pone a CL el vacio a .33.",Limpieza del vacio y manguera. Asegurar el CL de vacio,45,131,115,0,#DIV/0!,-191%,
KDF7,2/24/2025,9,Jesus,,33.B123,SI,100%,Paros repetitivos por capsula deforme.,Mejorar control de calidad.,65,45,109,7,15.57142857,31%,
KDF9,2/24/2025,9,Jesus,,33.B129,SI,100%,Sin datos al arranque por cambio de marca,Cambio de aspiradora,65,45,113,5,22.6,31%,
KDF9,2/28/2025,9,Jesus,33.B129,33.B1SC,SI,100%,Canal bloqueado.,Mejorar el conducto de la cápsula ,65,115,113,5,22.6,-77%,
KDF10,3/6/2025,10,Roberto Soltero,34.C2QC,34.C49F,SI,100%,Se realiza la limpieza CIL a las 9:24 am 40 miutos y su cambio de marca.,OK,120,80,115,0,#DIV/0!,33%,
KDF9,3/6/2025,10,Luis Ramirez,33.B129,33.B2NM,SI,100%,Se realiza ajuste de materiales. limpieza y operacion en KDF7,Apoyo en CIL en el cambio. Aspiradora nueva,65,107,120,0,#DIV/0!,-65%,
KDF11,3/6/2025,10,Edith,34.C2T7,34.C24V,SI,100%,"Se realiza paro manual despues del arranque por mal corte en el filtro. Se encuentra rebaba en cuchilla y se cambian, se ajusa esmeril trasero. ","Y se encuentra con mecha excedente en la cuña, se retira excedente.",45,36,102,2,51,20%,
KDF11,3/5/2025,10,Miguel V,34.C2QY,34.C2T7,SI,100%,1 Paro por temperatura de cola no alcanzada despues de vaciar un jarra de hot melt al deposito. Se espera a que alcance su temperatura para poder liberar el equipo y se arranca. 21 min paro. ,N/A,45,75,89,1,89,-67%,
KDF9,3/6/2025,10,Silvia Flores,33.B2NM,33.B124,SI,100%,Vaceado de bateas ajuste de uña inspectora por capsula expuesta,N/A,65,90,114,2,57,-38%,
KDF17,3/6/2025,10,Marco ,34.C471,34.C549,SI,100%,Todo OK,Todo OK,65,33,115,0,#DIV/0!,49%,
KDF17,3/5/2025,10,Monserrat,34.C549,34.C476,SI,100%,Se deja arrancada la máquina y ajustados los materiales,Todo OK,65,65,115,0,#DIV/0!,0%,
KDF17,3/5/2025,10,Marco ,34.C463,34.C549,SI,100%,Todo OK,Todo OK,65,38,115,0,#DIV/0!,42%,
KDF8,3/5/2025,10,César,34.c2qpc,34.C24VC,SI,100%,N/A,N/A,60,34,118,1,118,43%,
KDF11,3/7/2025,10,Nicolas,34.C12EC,34.C2HIC,SI,100%,N/A,N/A,0,0,0,0,0,#DIV/0!,
KDF11,3/7/2025,10,Edith,34.C24VC,34.C1Z0C,SI,100%,Al arranque se tienen 2 paros por mezcla de gomal al tratar de ajustar la tobera de refuerzo quedando ool se reporta en deviation log. Tambien se tiene aumento de desperdicio  por posicion se ajusta relacion V2/V3 quedando ool de 1.500 a 1.521 V2/V3,N/A,95,82,114,2,57,14%,
KDF8,3/8/2025,10,Marcos,34.C24VC,34.C2QH,NO,33%,N/A,N/A,90,,44,1,44,100%,
KDF10,3/13/2025,11,Raul ,34.C2OC,34.C2OC,NO,33%,N/A,N/A,120,102,116,1,116,15%,
KDF9,3/13/2025,11,Luis Ramirez,33.B129,33.B2NM,SI,100%,"Paros por cable bloqueado, paro por comedor planeado ",Apoyo en operacion de 2da máquina ,65,101,97,2,48.5,-55%,
KDF9,3/13/2025,11,Fernando ,33.B124,33.B129,SI,100%,Vaciado de buffer,Apoyo para operar cuando se realiza cambio manual. Mayor enfoque en máquina. ,65,88,85,0,#DIV/0!,-35%,
KDF17,3/11/2025,11,Uriel Bernardo ,34.C549,34.C46B,SI,100%,"Se realiza CIL durante cambio de marca. Ajuste y asignacion de materiales. Se repara defecto cable de ventilador de deposito de capsula desolado. Ajuste de altura de cepillo de riel prisma 3 paros, se atora filtro en riel al arranque. ",Agregar a changeover packer; revisar que ventilador de depositos de capsula esta en funcionamiento. ,65,95,65,3,21.66666667,-46%,
KDF17,3/12/2025,11,Cope ,34.C46B,34.C54C,SI,100%,Cuota pequeña lo cual no dejo que bajara el desperdicio ,Todo bien ,65,69,40,2,20,-6%,
KDF17,3/12/2025,11,Cope ,34.C54C,34.C54E,SI,100%,Se para para comedor. Problemas con capsula atorada VI. Problemas con atoramiento de filtro en riel prisma ,Trabaja en ajustes de riel prisma ,65,45,0,0,#DIV/0!,31%,
KDF11,3/14/2025,11,Miguel V,34.C240,34.C2QY,NO,66%,"Ajuste  de RTO, el CL no se encuentra 1.119 se ajusta a 1.006 y genera paro.",N/A,45,36,0,3,0,20%,
KDF8,3/11/2025,11,Marcos,34.C2QH,34.C240,NO,66%,N/A,N/A,90,87,120,0,#DIV/0!,3%,
KDF10,3/11/2025,11,Raul ,34.C208,34.C208C,NO,33%,N/A,N/A,85,73,114,2,57,14%,
KDF17,3/18/2025,12,Cope ,,34.C53T,SI,100%,"Problemas al arranque con el diametro, se baja ODM para limpiarlo. Ajuste posición de capsula",Dejar la limpieza como se indica ,65,71,115,4,28.75,-9%,
KDF8,3/19/2025,12,Marcos,34.2QH,34.C2QI,SI,100%,"Desperdicio por faltante de capsula, se ajusta tiempo de vacio de .15 a .45. Paros por movimiento de papel.",N/A,90,75,60,8,7.5,17%,
KDF8,3/18/2025,12,Mirton,34.C24VC,34.C2QH,SI,100%,Se realizaron ajuste a la tobera de mentol. El resorte que tenia la tobera no era el correcto. Varilla abierta por la aplicación de las toberas PVA por el ataque. Paros manuales para ajustar posicion.,Organizar bien la tobera de mentol y verificar guia para ver las medidas correctas. ,90,112,0,1,0,-24%,
KDF8 ,3/20/2025,12,Cesar,34.C2QL,34.C24VC,SI,100%,Las ruedas del kit estaban sucias ,El mecanico que retira tiene que resguardar limpias las ruedas,95,118,120,0,#DIV/0!,-24%,
KDF17,3/19/2025,12,Julio ,34.C53T,34.C463,SI,100%,Se realiza CIL durante cambio de marca. Ajuste y despeje de materiales. Reparación de DH01351637. Paro por acumulación de filtro en salida de tambor al arranque. Paro cae capsula en lengueta.,Buscar y definir parametros para las diferentes marcas.,65,87,105,2,52.5,-34%,
KDF8,3/18/2025,12,Milton,34.C24UC,34.C2QH,si,100%,"Ajuste de tobera de mentol, desviaciones por que la tobera goteaba, el resorte de la tobera no era el correcto, varilla abierta por las toberas, paros manuales por ajuste de posicion de las capsulas","Organizar bien la tobera de mantol y verificar que las piezas sean las correctas, en este caso el resorte, revisar los parametores de midas para evitar la posicion de la capsula mal",90,112,0,10,0,-24%,
KDF 10,3/25/2025,13,Raul ,34.C43K,34.C3FAC,si,66%,Problemas en GC tirando plugs en tambor tras intervencion,NA,65,90,109,3,36.33333333,-38%,
KDF10,3/25/2025,13,Raul ,34.C3FAC,34.C208C,Si,66%,Cambio de marca a timepo y forma red 80 teorico 90,NA,120,80,96,5,19.2,33%,
KDF11,3/25/2025,13,Edith,34.C204,34.C24U,Si,66%,Tapa carreara de tubos alberta (guarda se quedo abierta),NA,45,34,115,1,115,24%,
KDF17,3/25/2025,13,Marco,34.C46B,34.C47G,si,100%,"Elevacion FRR de 0.68% al paro 2.10% (Deebido a arranques por varilla abierta el diametro no regualaba, se cambia banda, por una nueva, la anterior se encontraba dañada se levanta QF","Dejar mas de una banda, solo habia una en cajon",65,55,100,9,11.11111111,15%,
KDF8,3/25/2025,13,Eduardo,34.C24U,34.C2QPC,si,66%,Al arrancar se boto el fusible de guia calefactora,NA,60,46,120,0,120,23%,
KDF17,3/27/2025,13,Monserrat,34.C47G,34.C549,si,100%,"Paro por capsula atorada Vl, problemas con capsula 20.A36l, se trabaja poco tiempo en el 1er turno","Escalar tema de vacio po expulsion, capsula faltante",65,60,100,2,50,8%,
KDF17,3/27/2025,13,Uriel/Monserrat,34.C549,34.C54C,si,100%,"Cil durenate cambio de marca, ajuste y desenganche de materiales, se cierran PO terminadas, se dejan depositos 120 y der de caps. vacios para evitar que se humedezca ",Tener en cuenta cortas por lo cual no baja desperdicio,65,140,115,0,115,-115%,
KDF17,3/28/2025,13,Monserrat,34.C54C,34.C549,si,100%,"Despedicio por capsula faltante, comedor se divide el tiempo, cuotas pequeñas de produccion",NA,65,60,115,0,115,8%,
KDF17,3/29/2025,13,Monserrat,34.C549,34.C47G,si,100%,NA,NA,65,ND,115,0,115,#VALUE!,
KDF10,3/27/2025,13,Julio,34.C2Q8C,34.C5JR,si,100%,"Pliegue en el filtro, se interviene la maquina por el mecanico",Tener buffer para un arranque mas rapido,120,90,103,2,51.5,25%,
KDF10,3/28/2025,13,Raul ,34.C5JR,34.C2QC,si,66%,Cambio de marca de tiempo y forma Ok,NA,120,104,112,1,112,13%,
KDF10,3/29/2025,13,Julio,34.C2QC,34.C2Q8C,si,66%,Se realiza CIL durante cambio de marca,NA,120,88,115,1,115,27%,
KDF11,3/24/2025,13,Nicolas,34.C24U,34.C2Q,si,33%,NA,NA,45,ND,120,0,120,#VALUE!,
KDF11,3/29/2025,13,Edith,34.C24U,34.C217,si,66%,"Ajuste de barra formado por variacion de circunferencia en marca anterior, paro final 3:46 (Fin de produccion)",NA,45,52,94,0,94,-16%,
KDF9,3/25/2025,13,Silvia,33.B21M,33.B15C,si,66%,"Vaciado de bateas, rutina de cambio de forro de volante",NA,65,166,110,1,110,-155%,
KDF9,3/25/2025,13,Fernando,33.B15C,33.B124,si,66%,Vaciado de buffer y banda Flexkon,NA,65,196,115,0,115,-202%,
KDF9,3/27/2025,13,Fernando,33.B124,33.B3J0,si,66%,"Vaciado de buffer, paros por atoro en banda 2, por canal bloqueado y ambos paros aumentan desperdicio",NA,65,133,103,4,25.75,-105%,
KDF9,3/28/2025,13,Fernando,33.B3J0,33.B129,si,100%,Vaciado de buffer y banda Flexkon,No dejar mucho buffer,65,114,102,3,34,-75%,
KDF9,3/28/2025,13,Luis,33.B129,33.B124,si,100%,"1 Paro por canal bloqueado, desperdicio",Nuevaaspiradora,85,80,118,1,118,6%,
KDF8,3/24/2025,13,Marcos,34.C2AUL,34.C2,si,100%,"Paros en el arranque por varilla abierta, por burbuja de aire en la boquilla de hotmelt dejando residuos, el hotmelt no esta completamente derretido causalndo que aire salga de la boquilla",Encender mas temprano las calafacciones para poder derretir y purgar,60,ND,110,5,22,#VALUE!,
KDF10,3/25/2025,13,Raul ,34.C43K,34.C3FAC,si,66%,Problemas en GC tirando plugs en tambores,NA,120,90,109,3,36.33333333,25%,
KDF10,3/31/2025,14,Raul ,34.C43K,34.C2Q8,si,66%,Se realiza cambio de marca en tiempo y forma,NA,90,50,115,2,57.5,44%,
KDF11,4/1/2025,14,Miguel V,34.C240,34.C2QY,si,66%,Desperdicio por capsula faltante y rota con indicaciones de no mover o ajustar,NA,45,45,120,0,120,0%,
KDF17,4/1/2025,14,Monserrat,34.C47G,34.C54E,si,100%,"Se asignan materiales, no se rueda vortex 2, se para para canedar",Se hace el cambio sin problemas,85,75,115,1,115,12%,
KDF11,4/4/2025,14,Nicolas,34.C12bC,34.C2QY,SI,0%,NA,NA,95,ND,ND,ND,ND,ND,
KDF11,4/3/2025,14,Miguel V,34.C2HKC,34.C12QC,SI,0%,NA,NA,45,60,ND,ND,ND,-33%,
KDF11,4/3/2025,14,Nicolas,34.C2QY,34.C2HKC,SI,66%,"Se realizan CIL, se inspecciona sistema HCI por la perdida anterior, se solicito mas tiempo 130min en total",NA,95,106,29,8,3.625,-12%,
KDF17,4/2/2025,14,Marco,34.C54E,34.C46B,SI,100%,Todo OK,Todo OK,85,62,110,1,110,27%,
KDF 9,3/31/2025,14,Silvia,33.B21M,33.B124,Si,66%,Vaciado de bateas,NA,65,85,120,0,120,-31%,
KDF8,4/4/2025,14,Eduardo,34.C2QPC,34.C2QH,Si,66%,"Paro por goteo en pistola de mentol, varilla abierta y filtro no llega a tambor",NA,90,-,-,-,-,#VALUE!,
KDF8,4/4/2025,14,Cesar,34.C2QH,34.C24U,Si,66%,"Ventilacion correta mentol, aplicacion de alcohol",NA,85,101,NA,1,NA,-19%,
KDF8,4/8/2025,15,Marcos,34.C2QPC,34.C24UC,SI,100%,Atasco en la salida,Revision y rutinas de limpieza a riel prisma,60,61,98,2,49,-2%,
KDF17,4/7/2025,15,Marco,34.C47G,34.C4GB,SI,100%,Todo OK,Todo Ok,65,60,115,0,115,8%,
KDF17,4/7/2025,15,Marco,34.C47H,34.C47G,SI,100%,FRR al termino de OP 1.11%,Todo Ok,65,61,110,1,110,6%,
KDF17,4/7/2025,15,Marco,Arranque,34.C47H,SI,100%,"Periodo de tiempo corto para bajar FRR orden con poca produccion, FRR 1.43% al termino de PO",Todo Ok,65,60,90,3,30,8%,
KDF10,4/10/2025,15,Raul,34.C3IX,34.C43K,Si,100%,Falta de semifiltro 144mm,Anticipar el cambio de marca en KDF7/9 para poder tener buffer,120,174,118,1,118,-45%,
KDF8,4/7/2025,15,Eduardo,-,34.C2QPC,Si,66%,"Hotmelt hecho piedra, linea PVA con aire y la de hotmelt, al arranque se tiene mal corte, baja proteccion de agua integrada",NA,-,120,95,3,31.66666667,#VALUE!,
KDF8,4/10/2025,15,Marcos,34.C2QPC,34.C2QH,Si,66%,Se eleva desperdicio por prueba de litraje de mentol,NA,90,85,37,0,37,6%,
KDF 10,4/22/2025,17,Victor,34.C43K,34.C2QC,Si,100%,Falta de buffer,Dejar buffer,120,114,95,3,31.66666667,5%,
KDF 11,4/22/2025,17,Nicolas,34.C2QY,34.C24U,Si,66%,"Despues de cambio de marca alarranque comienza a tirar por falta se ajusta el tiempo de ruedas pero no mejora, se ajusta llenado a 2800 eliminando la perdida",NA,45,57,78,7,11.14285714,-27%,
KDF 11,4/25/2025,17,Miguel,-,34.C24U,Si,66%,"Cambio de giro elevador de bateas, prueba de acomodo de 5´s a el area",NA,45,52,115,0,115,-16%,
KDF 17,4/22/2025,17,Monse,34.C53U,34.C47G,Si,100%,Se termina el cambio a tiempo,Realizar el cambio lo mejor posible,65,67,115,0,115,-3%,
KDF 17,4/21/2025,17,Marco,34.C46B,34.C53U,Si,100%,Se deja preparada la maquina con el cambio de marca,Se asignan materiales,65,-,110,2,55,#VALUE!,
KDF 17,4/25/2025,17,Monse,34.C47G,34.C53T,SI,100%,"Consumibles, cuchillas colocarlas para agilizar arranque turno anterior, deposito HM con grumos, tambor de salaida atascos",Programar limpieza de deposito HM,65,-,100,4,25,#VALUE!,
KDF11,4/8/2025,15,Miguel V,-,34.C2QY,Si,33%,NA,NA,45,-,100,2,50,#VALUE!,
KDF 17,4/26/2025,17,Marco,34.C53T,34.C549,SI,100%,Retroalimentacion limpieza y llenado de formato a EO T3,Retroalimentacion EO,65,27,115,0,115,58%,
KDF 17,4/26/2025,17,Monse,34.C549,34.C46B,SI,100%,"Limpieza por cambio de marca, ajuste y asignacion de materiales, espera de materiales",Dejar o tratar de dejar los materiales solicitados,65,72,115,0,115,-11%,
KDF 8,4/25/2025,17,Eduardo,34.C24C,34.C2QH,SI,66%,Paro por filtros atorados en tambor ese espera para soporte mecanico,NA,90,-,-,-,-,#VALUE!,
KDF 17,10/21/2025,43,Monserrat,34.C47G,34.C46B,SI,100%,"Ajuste y asignación de materiales. Cambio de cepillo de riel prisma, Cápsula con exceso de silica","Todo bien, solo no reducir tanto el tiempo de cambio de marca",45,60,120,1,120,33%,
KDF 11,10/24/2025,43,Nicolas,34.C2QY,34.C24U,SI,66%,"Se realiza CIL completo y 26 min de cambio de marca. Ajuste de materiales, llenado de formato y asignación.",NA,45,26,39,0,39,-42%,
KDF 17,10/25/2025,43,Monserrat,34.C46B,34.C54C,SI,100%,Ajuste y asignación de materiales. Enfoque en DH,Tomar en cuenta tiempo de cambio ya que es muy corto ,45,65,120,0,120,44%,
KDF 17,10/26/2025,44,Marco,34.C54C,34.C47H,SI,100%,Todo okey,Todo okey,60,62,110,0,110,3%,
KDF-17,10/29/2025,44,Monserrat,34.C47G,34.C53V,SI,100%,Ajuste y asignación de materiales. Reparación de DH. Paros por relevo en la hora del descanso.,Hablar con los soportes para tratar de evitar paros en los relevos,45,58,120,120,1,29%,0.53
KDF-17,10/31/2025,44,Uriel ,34.C53V,34.C53T,SI,100%,"CIL 36'. CO 71'. Ajuste y despeje de materiales. Paro de máquina, después de arranque 33 por vaciado de tolva y depósito izq, cápsula frágil aumenta FRR (En espera de material). Paro cápsula cae en lengueta.",Validar si es necesario cambiar parámetro de aire de circulación de vortex 1 de 40% - 0.35% en esta marca 34.C53T cápsula 20.A304,65,107,75,2,37.5,65%,1.3
KDF-11,11/3/2025,45,Nicolas,34.C2QY,34.C1YA,SI,66%,Se realiza CIL.,NA,90,84,95,3,31.66666667,-7%,
KDF-8,11/3/2025,45,Marco,34.C2QH,34.C2QI,SI,66%,"1 Paro porque empieza a tirar por falta y demasiadas cápsulas, se revisa y había mecha atorada entre la lengueta y la rueda",NA,75,91,116,1,116,21%,
KDF-8,11/3/2025,45,Cesar,34.C24U,34.C2QH,SI,100%,Tiempo de calentamiento. Analizar del tanque de Hotmelt,El tiempo con el Hotmelt se arrancó 8:50 y aún así presentó varilla abierta a pesar de purga prolongada,60,70,115,2,57.5,17%,
KDF 17,11/1/2025,44,Marco,34.C53T,34.C46B,SI,100%,Todo okey,Todo okey,60,63,120,1,120,-5%,
KDF 17,11/5/2025,45,Marcos y Uriel,34.C549,34.C54C,SI,100%,"6:30am se recibe turno para cambia de marca. Se realizan ajustes y despeje de materiales. Limpieza de Flexport. Y paro por cápsula atorada en rueda vortex 2. FRR alto por arranque, prueba de plastificante y para de proceso. Solo se trabaja 49 min, producción corta (25 cajas).",S/C,50,57,49,1,49,14%,
KDF 17,11/5/2025,45,Uriel ,34.C54C,34.C53V,SI,100%,CIL 30'. PM03 5' min. CO44' min. Se realiza ajustes y despeje de materiales. Se realiza CIL durante cambio de marca y rutina.,50,79,115,0,115,0,46%,
KDF-10,11/3/2025,45,Beatriz,34.C3fc,34.C2QC,SI,100%,"Paros por plugs atorados en lengueta, así como expulsión de filtro por espacio. Ajustes a lengueta y tambor 10.14 bajada 120 mm",Dejar buffer para realizar un cambio en tiempo y forma ,105,95,68,5,13.6,-10%,0.1
KDF-10,11/3/2025,45,Beatriz,34.C2Q8,34.C3FAC,SI,100%,Falta de buffer de esa marca y ajuste de máquina por expulsión de filtro por espacio y paros por plug atorados en lengueta,"Se recomienda arrancar máquina en local después de una intervención, evitar exportación",105,41,64,7,9.142857143,-61%,0.1
KDF-10,11/6/2025,45,Beatriz,34.C2QC,34.C2Q8,SI,100%,Se realiza cambio sin problema alguno ,Seguir manteniendo buffer para futuros cambios. Se juntar CIL con el cambio de marca se hacen 56 min,75,56,115,0,115,-25%,0.1
KDF-17,11/6/2025,45,Uriel ,34.C47G,34.C5T3,SI,100%,"CIL 35', Cambio de marca 50', Reparación OH01306958 42', Ajuste y despeje de material.",Validar receta para marca 34.C5T3 por temas de peso y circunferencia,50,127,111,1,111,154%,1
KDF-17,11/5/2025,45,Guadalupe,34.C53V,34.C47G,SI,100%,Ajuste y asignación de materiales. Problemas con la cápsula 20.A425 al arranque,Tener en cuenta la cápsula dañada al cambio de marca,45,63,120,3,40,40%,1.13
KDF-17,11/5/2025,45,Marco,34.C468,34.C549,SI,100%,Ajuste de material/ en espera de materialista. Penska por consumirse total de cápsula de lote / total a ajustar 8.3 ks. restante / hoja de lote ya no aparece en sistema,Agilizar respuesta de personal pcnske,60,93,110,2,55,55%,0.6
KDF-8,11/5/2025,45,Marco,34.C2Q1,34.C2QY,SI,66%,"Se tarda en arrancar por arreglo de Dit en una de los ruedas HCI, se toman medidas de las toberas.",NA,75,105,117,0,117,40%,5
KDF-11,11/10/2025,46,Edith,34.C126C,34.C2HKC,SI,66%,Paros por varilla abierta al arranque. Filtro atorado en tambor. Desperdicio por cápsula faltante,NA,45,50,36,16,2.25,11%,3.58
KDF-11,11/8/2025,45,Edith,34.C11A,34.C126C,SI,66%,Ajustes de tobera de reversa por cosnra débil en plancha de calor,NA,45,44,107,4,26.75,-2%,0.31
KDF-9,11/15/2025,46,Silvia ,33.B129,33.B124,SI,66%,Vaceado de bateas. Ajustes de banda de lanzadores. Canales bloqueados,NA,65,89,82,4,20.5,37%,0.4
KDF-10,11/15/2025,46,Beatriz,34.C2QC,34.C2Q8,SI,66%,NA,"Seguir manteniendo buffer, así avanzamos más rápido. 58 min, junto con CIL y cambio de marca",105,58,115,0,115,-45%,0.1
KDF-10,11/9/2025,46,Raúl,34.C2Q8,34.C2QC,SI,66%,"Error de sincronización cola fría, se tiene ese problema cuando la máquina viene de un paro prolongado, se purgan toberas de Hotmelt PVA por un buen rato y aún así debe el paro de cola fría ",NA,120,115,112,6,18.66666667,-4%,0.021
KDF-17,11/8/2025,45,Marco ,34.C5T3,34.C468,SI,100%,Todo okey,Todo okey,60,62,120,1,120,3%,0.6
KDF 8,4/25/2025,17,Marcos,-,34.C24U,Si,66%,Se tiene paro por eyeccion porque dejo de vibrar y no caia la capsula,NA,60,-,68,1,68,#VALUE!,
KDF 9,4/29/2025,18,Luis&Silvia,33.B129,33.B1224,Si,100%,"Se recibe turno y se limpia cambio de marca completo, cambio de bala",Soporte KDF7 en cambios de marca,65,161,120,0,120,-148%,
KDF 10,4/29/2025,18,Victor,34.C2QC,34.C2QBC,Si,100%,falta de buffer,Dejar buffer para arranque,120,147,115,0,115,-23%,
KDF 11,4/29/2025,18,Miguel&Nicolas,34.C24U,34.C2QY,Si,66%,"FRR elevado por capsulas faltantes, las capsulas se quedan en manguera de alimentacion, llenado queda en 2700, se ajusta el venturi de 10 a 8mm ya que se encontraba flojo",NA,45,35,95,1,95,22%,
KDF 17,4/30/2025,18,Marco,34.C549,34.C47G,Si,100%,Espera de materiales capsulas y bala,Agilizar materiales a la hora de surtir,65,76,115,0,115,-17%,
KDF 17,4/29/2025,18,Monse,34.C46B,34.C54C,Si,100%,Cuota pequeña por lo tanto no trabajo mucho la maquina y no bajó el desperdicio,Tomar en cuenta el desperdicio en las cuotas pequeñas,65,29,42,0,42,55%,
KDF 8,4/30/2025,18,Eduardo,34.C24UC,34.C24U,Si,NA,NA,NA,-,-,-,-,-,#VALUE!,
KDF 10,5/6/2025,19,Victor,34.C2QC,34.C2Q8C,Si,100%,Falta de buffer,Dejar mas buffer,120,170,34.6,2,17.3,-42%,0.15%
KDF 11,5/5/2025,19,Milton,34.C1ZGC,34.C2HKC,Si,100%,"Problemas en el tambot¿r y llenado de capsula en la rueda vortex, ajustes de tobera por varilla abierta, FRR aumenta por que la rueda vortex deja de alimentar, ajuste de ataque tobera de anclaje",Continuidad al llenado de rueda vortex y montar CL de toberas,45,85,115,2,57.5,-89%,0.40%
KDF 11,5/7/2025,19,Nicolas,34.C2L5,34.C1YA,Si,66%,"Cuando se limpian las ruedas, la de insercion estaba amarrado no salia, se lija flecha por rebaba ",,45,52,120,0,120,-16%,2.07%
KDF 11,5/9/2025,19,Milton&Silvia,34.C1YA,34.C2QY,Si,66%,"Ajuste de , lanzadores, ruedas, guias de papel, llenado, tension de banda, tambien hubo limpieza de reflejantes y camara de vacio",NA,-,105,1,18,0.055555556,#VALUE!,-
KDF 17,5/8/2025,19,Monse,34.C47G,34.C54A,Si,100%,"Caps faltantes, baja velocidad a 2100 fil/min, para no incrementar mas el desperdicio",Correr capsula 20.4V19 a 2100fill. Colocar en handover cambio de marca,85,84,108,0,108,1%,-
KDF 17,5/7/2025,19,Monse,34.C46B,34.C47G,Si,100%,"Ajuste y asignacion de materiales, termino de OP atrazados",Todo Ok,65,78,115,0,115,-20%,0.80%
KDF 17,5/8/2025,19,Marco,34.C54A,34.C549,Si,100%,Ajuste de materiales y asignacion,Agilizar conteo materiales,85,93,100,1,100,-9%,
KDF 8,5/6/2025,19,Marcos&EV,34.C24UC,34.C2QPC,Si,66%,"Se presenta atasco de salida, atoramietno en cascada, se realiza ajuste de tiempo de tambor y lanzadas",NA,60,51,97,3,32.33333333,15%,0.40%
KDF 9,5/5/2025,19,Luis&Silvia,34.B129,33.B124,No,0%,NA,NA,-,-,-,-,-,#VALUE!,4.91%
KDF 9,5/5/2025,19,Luis,33.B1224,33.B129,Si,100%,Picture,Picture,65,70,113,2,56.5,-8%,0.01%
KDF 11,5/7/2025,19,Edith,34.C2HKC,34.C2L5,Si,66%,"Midas no responde, cambio de bala, se vacia rued avortex y ajuste de venturi",NA,45,46,90,3,30,-2%,11.40%
KDF 8,5/14/2025,20,Cesar,34.C24UC,34.C2QI,Si,100%,"Recepcion de lote de capsula nuevo debido a lote combinado,, y todas las cajas estan abiertas",Lotes nuevos al arranque,100,91,15,5,3,9%,1.10%
KDF 17,5/14/2025,20,Uriel,34.C46B,34.C53T,Si,100%,"Se realiza CIL durante cambio de marca, limpieza y vaciado de tolva y deposito, ajuste y desenganche de materiales, 2 paros por movimiento de papel",Mantener aires de traspaso,65,97,110,2,55,-49%,1.30%
KDF 17,5/14/2025,20,Uriel,34.C47H,34.C54C,Si,100%,"Se realiza limpieza solo de puntos criticos para calidad, FRR alto por muestras de 100 filtros secos",Todo Ok,65,61,115,0,115,6%,1.05%
KDF 17,5/12/2025,20,Uriel,34.C54C,34.C46B,Si,100%,"Limpieza de puntos criticos, FRR alto por arranque",Todo Ok,65,59,115,0,115,9%,1.02%
KDF 10,5/9/2025,19,Raul,34.C2Q8C,34.C2QC,Si,100%,"Paro por falta de plugs en varilla, se rompe, no hace emaplme se rompe papel",Cambio de marca en tiempo y forma,120,56,1.08,2,0.54,53%,0.01%
KDF 10,5/5/2025,19,-,34.C2QC,34.C2Q8C,No,-,-,-,-,-,-,-,-,#VALUE!,-
KDF 8,5/9/2024,19,Cesar,34.C24UC,34.C2QH,Si,100%,Paro por ODM anomalia,"Limpieza de boquilla mentol, purga de tobera de mentol antes de arranqcar para verficar que no este topado, agregar en el COCL",120,121,111,1,111,-1%,0.31%
KDF 9,5/9/2025,19,Fernando,33.B124,33.B129,Si,33%,NA,NA,65,-,112,3,37.33333333,#VALUE!,1.37%
KDF 17,5/10/2025,19,Marco,34.C549,34.C47H,Si,100%,FRR no alcanza a bajar debido a periodo de trabajo con la marca,"Programa cambios de marca entre semana, no en paros prolongados, dias de cierre de semana",65,60,115,0,115,8%,0.50%
KDF 11,5/9/2025,19,Nicolas&Milton,34.C2QY,34.C24U,Si,100%,"Se tienen 2 paros al principio, maquina enlace no lista y uno por filtros atorados",Realiza limpieza de sensores de HCF y revisar la tension de las bandas de salida,45,45,57.5,0,57.5,100%,-
KDF 11,5/15/2025,20,Miguel,34.C24U,34.C2QY,Si,66%,"Limpieza profunda de maquina ta que no se realizo CIL en turno anterior, falta purgar la tobera de HM, bala nueva tiene variacion de RTO",NA,45,67,100,2,50,-49%,1.05%
KDF 9,5/15/2025,20,Luis&Silvia,33.B129,33.B124,SI,100%,"Paro prolongado mayor por fallas mecanicas en KDF10, se acaba el vaciado de filtro",,65,381,116,2,58,-486%,0.40%
KDF 9,5/15/2025,20,SIlvia&Fernando,33.B124,33.B1SC,Si,33%,NA,NA,65,219,120,0,120,-237%,1.17%
KDF 7,5/15/2025,20,SIlvia&Fernando,33.B123,33.B2L1,Si,66%,Vaciado de bateas,NA,65,379,110,0,110,-483%,0.52%
KDF 17,5/15/2025,20,Monse,34.C53T,34.C46B,Si,100%,"Se junta DDS con cambio de marca, ajuste y asignacion de materiales, rutina cabezal de corte",Realizar cambio de marca antes,65,83,115,0,115,-28%,0.61%
KDF 11,5/16/2025,20,Nico&Miguel,34.C2QY,34.C2T7,Si,100%,"Ajuste de RTOy ancho de lestun de 1.42 a 1.52, Presion de V0 de 0.85 a 0.65","Actualizar el CL de V2, V0 de 1.42 a 1.51, Presion del V0 de 0.85 a 0.65",45,48,32,0,32,-7%,0.80%
KDF 17,5/24/2025,21,Uriel,34.C46B,34.C549,Si,100%,"Se realiza limpieza de deposito y tolva 120, Cambio de banda formadora","Arranque sin problemas, utilizar marca 317 Abril 2025 en pantalla visu para marca 34.C549",65,47,115,0,115,28%,0.30%
KDF 17,5/23/2025,21,Monse,34.C46B,34.C47G,Si,66%,Se calibra CFR al arranque del cambio de marca,NA,65,44,90,1,90,32%,-
KDF 10,5/21/2025,21,Omar,34.C465,34.C2QC,Si,33%,NA,NA,120,112,98,3,32.66666667,7%,0.10%
KDF 8,5/21/2025,21,Marcos,34.C2QH,34.C24U,Si,100%,Se eleva desperdicio al arrancar ya que estaba cerrado el vacio del HCI,No cerrar el vacio en el cambio de marca,90,90,112,1,112,0%,0.88%
KDF 8,5/21/2025,21,Cesar&Vela,-,34.C2QH,Si,100%,"Limpieza de ODM, tira por posicion, valor se cambia al momento de cambio de marca",Agregar al checklist la verificacion del parametro de la posicion,90,63,120,1,120,30%,0.36%
KDF 9,5/21/2025,21,Luis,33.B1SC,33.B129,No,-,-,-,65,82,-,-,-,-26%,-
KDF 7,5/21/2025,21,Luis,33.B2LI,33.B123,No,-,-,-,65,108,-,-,-,-66%,-
KDF 17,5/27/2025,22,Uriel,34.C549,34.C46B,Si,100%,Cambio de marca entre el 1ero y 2ndo,Todo bien,65,79,115,0,115,-22%,0.34%
KDF 8,5/27/2025,22,Eduardo,34.C24C,34.C2T7,Si,100%,Al arranque tira demasiado por posicion debido a RTD muy bajo,"Actualizar CL de la marca, transporyet 25.2, RTD 1.195, V0 0.32, Rodillo V2 1..450",60,40,36,5,7.2,33%,1.10%
KDF 8,5/27/2025,22,Eduardo,34.C2T7,34.C2QY,Si,100%,"La impresora no seriva, limpieza total HCI",NA,60,54,91,2,45.5,10%,0.12%
KDF 17,5/29/2025,22,Marco,34.C530,34.C47G,Si,66%,"Se cierran ordenes terminadas, en espera de arranque por inventario de materiales, paro caps atoradas",NA,50,89,-,2,-,-78%,1.30%
KDF 9,5/29/2025,22,SIlvia&Fernando,33.B129,33.B21M,Si,66%,"Vaciado de bateas, Terminacion de limpieza",NA,65,163,118,1,118,-151%,0.71%
KDF 9,5/29/2025,22,Fernando,33.B21M,33.B124,Si,66%,"Problemas en KDF 10 por filtro con luna, se retraza cambio de marca",NA,65,-,113,2,56.5,#VALUE!,0.56%
KDF 17,6/2/2025,23,Marco,34.C54C,34.C46B,Si,66%,"Desviacion objetiva alarma por prescion de agua. Refrigerante, varias veces se alarmo en el turno",Revision escala falla refirgerante,65,78,115,0,115,-20%,0.30%
KDF 17,6/5/2025,23,Marco,34.C47G,34.C53U,Si,100%,"Ok, pero tiempo de CIL es muy corto",Todo bien,55,55,115,0,115,0%,0.30%
KDF 9,6/3/2025,23,Fernando,33.B124,33.B3JO,Si,100%,Paro por canal bloqueado,Revision vaciado,65,112,80,1,80,-72%,0.45%
KDF 17,6/3/2025,23,Monse,34.C46B,34.C47G,Si,100%,"Asignacion y ajuste materiales, cap fragil, charola se atora en HCF, lote de cap se rechaza",Tener en cuenta lotes de cap fragil,65,77,115,1,115,-18%,0.74%
KDF 9,6/3/2025,23,Silvia,33.B3JO,33.B124,Si,66%,"Vaciado de bateas, KDF pierde conexion con AMCS marca o desperdicio y o produccion",NA,65,124,120,0,120,-91%,0.00%
KDF 8,6/4/2025,23,Marcos&Eduardo,34.C2QY,34.C24U,Si,66%,"Se tomaron medidas, enredo de rodillo V3, se rompio una manguera no suministraba aire a las abridoras",NA,60,60,120,1,120,0%,0.72%
KDF 10,6/3/2025,23,Raul,34.C2Q8C,34.C5JR,Si,66%,Por espera de semifiltro,NA,120,185,120,0,120,-54%,0.10%
KDF 10,6/3/2025,23,Victor,34.C5JR,34.C2Q8,Si,100%,"Falla de enclavamiento en KDF y GC, Perdida por corte de XPICS",Revision de estado de sensores,90,172,58.5,4,14.625,-91%,0.03%
KDF 10,5/30/2025,22,Victor,34.C43K,34.C2Q8C,Si,33%,NA,NA,115,54,115,2,57.5,53%,0.17%
KDF 11,6/7/2025,23,Miguel,34.C1YA,34.C1ZGC,Si,33%,NA,NA,45,60,-,3,-,-33%,-
KDF 17,6/6/2025,23,Marco,34.C53U,34.C549,Si,100%,"Falla presion de agua, parametro de AF desiguales","Escalar falla anterior, debido a que en un paro largo aparece y no deja arrancar maquina",55,73,90,3,30,-33%,1.15%
KDF 17,6/6/2025,23,Uriel,34.C549,34.C47H,Si,100%,"Se realiza CIL durante cambio de marca, 1 paro por filtro atorado",Definir objetivos de tiempo de cambios de marca,50,67,97,1,97,-34%,0.30%
KDF 8,6/10/2025,24,Edgar,34.C2QH,34.C2QY,Si,100%,Subio levemente desperdicio por servicio o limpieza electrica ODM,NA,82,72,120,0,120,12%,0.52%
KDF 8,6/4/2025,23,Marcos&Eduardo,34.C2QY,34.C24U,Si,66%,"Tomaron medidas para una guarda personal externo, enredo en rodillo V3, se rompio una amnguera no suministraba aire alas abridoras",NA,60,60,120,1,120,0%,0.72%
KDF 9,6/11/2025,24,Luis,33.B124,33.B21M,Si,100%,"Mas tiempo para limpieza de , vacio de capsula",Boquilla para adaptar en la aspiradora,65,120,120,0,120,-85%,0.35%
KDF 10,6/11/2025,24,Bety,34.C2Q8,34.C43K,Si,66%,NA,Dejar buffer para cambios de marca,120,70,120,0,120,42%,0.02%
KDF 9,6/12/2025,24,Luis,33.B21M,33.B129,Si,66%,Se realiza limpieza de maquina y reparacion para arranque,NA,65,265,110,3,36.66666667,-308%,0.20%
KDF 10,6/12/2025,24,Victor,34.C43KC,34.C2QC,Si,100%,Falta en KDF9 por falta de semifiltro 120mm,Dejar buffer,120,270,103,3,34.33333333,-125%,0.89%
KDF 9,6/16/2025,25,Silvia,33.B3J0,33.B129,Si,66%,Vaciado de bateas,NA,65,95,120,0,120,-46%,0.20%
KDF 8,6/12/2025,24,Marcos,34.C2QY,34.C24U,Si,66%,"Se tarda en arrancar por ajustes del brazo de HCF, se tienen 2 paros, uno por suciedad de HM y el otro por batea atorada",NA,60,97,50,2,25,-62%,0.41%
KDF 10,6/16/2025,25,Victor,34.C5JR,34.C2QC,Si,66%,Cambio de marca en timepo y forma OK objetivo vs real esta OK,NA,120,77,120,0,101,36%,-
KDF 17,6/17/2025,25,Marco,34.C47G,34.C549,Si,100%,"Cambio de bala por grumos, se rechaza la bala para el arranque",Escalar a calidad material,55,67,100,2,50,-22%,0.80%
KDF 17,6/17/2025,25,Uriel,34.C549,34.C54E,Si,100%,"CIL durante cambio de marca, limpieza de tolvas, deposito izq. y dere. Se cambia cuchilla de cabezal de corte, servicio de afilado a cuchillas, ajuste y desenganche de materiales, 1 paro por filtro atorado en tambor en arranque","Definir tiempo de marca cuando cambien ambos depositos, eliminar marcas en visu de marca 34.C549 que ya no se utilicen para evitar confusion, se necesita bascula en el area para pesar capsula, se pierde tiempo en pesar en otra area",65,84,113,1,113,-29%,0.30%
KDF 17,6/17/2025,25,Uriel,34.C54E,34.C54C,Si,100%,Limpieza de depositos y tolvas,Tomar en cuenta los cambios de marca en traslape de turno,65,67,115,0,115,-3%,0.74%
KDF 8,6/16/2025,25,Marcos&Cesar,34.C24U,34.C2QY,Si,100%,NA,NA,60,45,120,0,120,25%,0.23%
KDF 17,6/18/2025,25,Monse,34.C54C,34.C46B,Si,100%,"Se termina cambio de marca a timepo, se arranca tarde por espera de capsula 20.A317, capsula atorava V1",Tener el material a tiempo,55,59,120,1,120,-7%,0.68%
KDF 8,6/18/2025,25,Marcos,34.C2QY,34.C24U,Si,100%,"2 Paros, uno en falso y otro paro por varilla abierta",NA,60,49,114,2,57,18%,0.62%
KDF 11,6/18/2025,25,Nicolas,34.C1YA,34.C2L5,Si,100%,"Se realiza CIL durante el cambio, Al arranque se comienza a tirar por posicion se ajusta CL V3 1.532 V2",NA,45,76,120,0,120,-69%,0.98%
KDF 8,7/1/2025,27,Marcos,34.C24UC,34.C2QY,si,100%,Paros por maquina enlace batea no recorria,Calibrar sensor de accionamiento cada cambio de marca,60,60,110,2,55,0%,0.32%
KDF 11,7/1/2025,27,Nicolas,34.C1ZGC,34.C2T7,No,66%,"Se realiza ajuste de materiales, se realiza CIL, durante el paro Op, pasa a comedor y mecanico realiza el cambio de formato, al arranque filtros se atoran en cepillo de riel prisma",NA,-,-,-,-,-,#VALUE!,-
KDF 17,6/30/2025,27,Uriel,34.C46B,34.C549,Si,100%,"Se realiza CIL durante cambio de marca y 5´s CIL, limpieza de tolva y deposito Izq, ajuste, desenganche y asignación de materiales",Se necesita bascula,65,78,108,1,108,-20%,0.36%
KDF 7,7/2/2025,27,Silvia,33.B1SB,33.B123,Si,66%,Vaciado de bateas y cambio de marca KDF 9,NA,65,171,120,0,120,-163%,0.21%
KDF 9,7/2/2025,27,Silvia,33.B1Y0,33.B2IM,Si,66%,Vaciado de bateas y cambio de marca KDF 7,NA,65,161,106,1,106,-148%,0.20%
KDF 8,7/2/2025,27,Marcos,33.C2QY,34.C24UC,Si,66%,Paro por movimiento de papel en el cambio de bobina,NA,60,60,117,1,117,0%,0.31%
KDF 11,6/30/2025,27,Nicolas&Miguel,34.C2L5,34.C1ZGC,No,33%,NA,NA,-,-,-,-,-,#VALUE!,-
KDF 8,6/19/2025,25,Eduardo,34.C2QI,34.C2QH,Si,100%,Paro por filtro atorado en tambor,NA,90,93,120,1,120,-3%,0.21%
KDF 17,7/4/2025,27,Uriel,34.C549,34.C46B,Si,100%,"Se realiza CIL durante el cambio de marca, vaciado de tolva y dep IZQ, ajustre y desenganche de material, aumenta FRR al arranque",Ok,65,97,115,0,115,-49%,0.50%
KDF 8,7/4/2025,27,Cesar,34.C24UC,34.C3DFC,Si,66%,Sin desvios,NA,60,34,120,0,120,43%,0.48%
KDF 10,7/2/2025,27,Victor,34.C3IX,34.C43K,Si,66%,Ok,NA,120,111,114,1,114,8%,0.04%
KDF 11,7/4/2025,27,Miguel,34.C2QI,34.C24U,Si,100%,Al arranque se separa 3 puños y la primer caja para validar el triacetin,V3-1.045/V2-1.51/V1-1.332,-,27,115,1,115,#VALUE!,0.10%
KDF 11,7/2/2025,27,Miguel,34.C2T7,34.C2QY,Si,100%,Arrancó a la primera,Actualizar a CL aires de traspaso V3-1.046/V2-1.497/V1-1.332,45,23,115,1,115,49%,0.01%
KDF 17,6/10/2025,24,Milton,34.C549,34.C47G,Si,100%,"Paro manual por cápsula atorada, llenado incorrecto, la silica provoca que se vaciara",QF por cápsula deforma,55,79,120,3,40,-44%,1.60%
KDF 17,7/5/2025,27,Marco,34.C549,34.C54A,Si,100%,"Cambian ambos depositos, se baja velocidad a 2200 f/min ya que suelta demasiada cápsula en ruedas, se realizan ajustes de materiales y limpieza",Revisar la especificación de la marca y asegurarse de que los materiales sean los correctos,55,74,102,0,102,-35%,1.15%
KDF 9,7/5/2025,27,Fernando,33.B124,33.B129,Si,100%,Vaciado de buffer,No dejar mucho buffer,65,123,104,3,34.66666667,-89%,0.86%
KDF 9,7/7/2025,28,Silvia,33.B129,33.B124,Si,66%,"Vaciado de bateas, canales bloqueados elevan desperdicio",NA,65,78,81,1,81,-20%,0.03%
KDF 9,7/3/2025,27,Silvia,33.B2IM,33.B124,Si,66%,"Vaciado de bateas, canal bloqueado al arranque no baja plato, unidad de mantenimeitno con daño interno.",NA,65,78,81,1,81,-20%,0.03%
KDF 8,7/4/2025,27,Marcos,34.C3FC,34.C2QC,Si,66%,Se tarda en arrancar porque las etiquetas salian con unas rayas en medio y no salia ni una buena,NA,60,71,81,1,81,-18%,0.42%
KDF 8,7/9/2025,28,Eduardo,34.C2QH,34.C2QY,Si,100%,Se quita pistola de mentol por parte del operador,NA,85,92,120,0,120,-8%,0.18%
KDF 8,7/8/2025,28,Marcos,34.C2QPC,34.C2QH,Si,100%,"Paros por varilla abierta, las toberas de PVA estaban salpicadas goma, se hace ajuste de ataque, tambien se hizo ajuste de tobera de HM, sube desperdicio por cápsula frágil, estaba por falta y se quebraba ",No meter cápsula de rechazo de otras ferchas,90,118,90,6,15,-31%,0.92%
KDF 17,7/9/2025,28,Milton,34.C47H,34.C549,Si,100%,"Se tiene un paro por que vortex se llena de cápsula, movimiento de papel por varilla abierta","Asegurar arranque de altura de papel, evitar varilla abierta",55,65,60,2,30,-18%,0.56%
KDF 17,7/11/2025,28,-,34.C47G,34.C46B,Si,100%,"Solo se cuenta tiempo de cambio de marca desde inicio del 2T maquina en no demanda 1T, 1 paro cápsula aplastada atorada en V1, checklist al 80% aprox faltan datos de paro de maq","Llenado correcto de crit form de cambio de marca, info incorrecta",55,24,114,1,114,56%,1.25%
KDF 17,7/9/2025,28,Marco,34.C46B,34.C47H,Si,100%,"Mantenimiento cabezal, plancado, atoramientos de cápsula deforme 20.A704","Todo OK, escalar cápsula a calidad",55,70,80,2,40,-27%,0.30%
KDF 17,6/27/2025,26,Marco,34.C549,34.C46B,Si,100%,"Problema eléctrico al realizar cambios de marca en pantalla VISU, Se tubo que reiniciar la máquina por eléctrico",Todo Ok,55,62,-,-,-,,-
KDF 10,7/15/2025,29,Victor,34.C2QC,34.C5JR,Si,66%,Ajustes Xpics. Ajustes de papel y banda formadora,NA,120,43,109,3,36.8,64%,0.15%
KDF 10,7/16/2025,29,Beatriz,34.C5JR,34.C2Q8,Si,33%,NA,NA,120,110,102,2,51,8%,0.07%
KDF 17,7/14/2025,29,Uriel,34.C46B,34.C47G,Si,100%,"Se realiza CIL durante cambio de marca, al arranque se presenta falla por filtro atorado en entrada de tambor, se hace revision y ajuste de discos lanzadores mecanicos, 2 paroa por filtro atorado, 1 por capsulas atoradas",Crear OPL de ajuste de tiempo discos lanzadores,65,66,73,3,24.33333333,-2%,1.00%
KDF 17,7/16/2025,29,Uriel,34.C47G,34.C54E,Si,100%,"Limpieza profunda de flexport por exceso de silica lado IZQ, ajuste y desenganche de material",Planeacion de limpieza profunda extendida con capsulas vegetales,65,112,102,1,102,-72%,0.70%
KDF 17,7/17/2025,29,Marco,34.C54E,34.C549,Si,100%,"Filtro atorado en el tambor, doble filtro en el canal, colocar parametro de tiempo de lanzadores y tambor de marca anterior, suciedad en lengüeta abre la varilla",Verificar parametros de bala antes del arranque,55,68,100,2,50,-24%,0.83%
KDF 9,7/16/2025,29,Luis,34.B3JO,34.B124,Si,66%,Canales bloqueador se rechaza sub bach 1 53.3 kilos,NA,65,90,113,2,56.5,-38%,0.50%
KDF 8,7/14/2025,29,Cesar,34.C2QH,34.C2QI,Si,100%,"Alto desperdicio, problema de motor HCI RPM",Falla eléctrica,90,41,50,2,25,54%,1.00%
KDF 8,7/16/2025,29,Marcos,34.C2QI,34.C24U,Si,33%,NA,NA,100,101,120,0,120,-1%,0.96%
KDF 8,7/17/2025,29,Marcos,34.C24U,34.C2T7,Si,33%,Paro por mecha colgada en V4 y desperdicio por arranque,NA,60,52,42,1,42,13%,0.89%
KDF 8,7/17/2025,29,Marcos,34.C2T7,34.C2QPC,Si,66%,"1 Paro por filtro atravesado en B200, se eleva desperdicio al arrancar, se observa, que empieza a tirar por falta, ya que esta quebrando la cápsula, viene cápsula muy frágil, se prueban cajas de abajo y el problema continua",NA,60,44,107,1,107,27%,0.86%
KDF 11,7/17/2025,29,Miguel,34.C24U,34.C2L5,Si,100%,"Arranque en tiempo y forma, se pone a CL, se tiene paro por camara movida y se tiene que ajustar su posición",Regresar el ajuste,95,92,110,2,55,3%,1.10%
KDF 11,7/15/2025,29,Nicolas,34.C2L5,34.C1YA,Si,66%,"Se detecta desviacion de cápsula, se realiza ajuste de lengüeta",NA,45,45,92,3,30.66666667,0%,1.90%
KDF 11,7/16/2025,29,Nicolas,34.C1YA,34.C24U,Si,100%,"Ajuste de camara a regular despues de cambio a slim, ruedas amarradas, lengüeta mal sentada, descuido operativo, CL de apertura de lanzadores estaban fuera de limite, ajuste de 78 a 79.8, filtro con ovalidad","Actualizar los CL de formato de CO, validar las medidas antes de realizar cambios",95,86,70,3,23.33333333,9%,2.10%
KDF 17,7/25/2025,30,Uriel,34.C53U,34.C47G,Si,100%,"Se realiza CIL durante cambio de marca, ajuste, desengancge de materiales y se asignan nuevos materiales",mas trabajo y arranque en forma,65,87,115,0,115,-34%,0.21%
KDF 17,7/23/2025,30,Marco,34.C47H,34.C53U,Si,100%,Capsula atorada V1 20.A729,Escala a calidad tema de la capsula,55,68,115,2,57.5,-24%,0.68%
KDF 17,7/23/2025,30,Monse,34.C54E,34.C47H,Si,100%,"Paro po varilla abierta, filtro atorado en tambor introductor","Ajuste de posicion de toberas, inspeccion DH a fondo en tambor inductor",55,51,100,4,25,7%,1.00%
KDF 17,7/22/2025,30,Monse,34.C46B,34.C54E,Si,100%,Constantes paros por cápsula deforma atorada en V1,"Escalar a calidad el tema de la cápsula, se rechaza cápsula 20.A704",55,91,60,8,7.5,-65%,3.00%
KDF 8,8/2/2025,31,Eduardo&Cesar,34.C24U,34.C2QY,Si,66%,NA,NA,60,47,116,1,116,22%,0.23%
KDF 8,8/2/2025,31,Eduardo&Cesar,34.C2QY,34.C2QI,Si,100%,"Se vacia rueda, apoyo eléctrico",Se reemplaza el reflejante de mayor detectabilidad (Brilloso),100,63,60,5,12,37%,3.60%
KDF 17,7/31/2025,31,Marco,34.C53U,34.C549,Si,100%,"Movimiento papel abre varilla, rutina se realiza calibración de banda y barra, se excede 15min más de tiempo",Corregier alineación de la guía mal alineada debido a que se dobla el papel,55,68,100,3,33.33333333,-24%,0.85%
KDF17,7/30/2025,31,Monse,34.C47G,34.C53V,Si,100%,"Ajuste y asignación de materiales, atasco en sector de tambor, limpieza de ODm y calibración de CFR",Todo bien,55,65,120,1,120,-18%,0.41%
KDF 17,8/1/2025,31,Monse,34.C549,34.C46B,Si,100%,"Se atraviesa comedor de EO con el cambio de marca, paro por que no llena rueda V2",Tratar de que no se cruce el cambio de marca con el comedor,55,95,120,2,60,-73%,0.58%
KDF 7,8/6/2025,32,Silvia,33.B123,33.B2LI,Si,66%,"Vaciado de bateas, canales bloqueados elevan desperdicio",NA,65,300,-,2,-,-3.615384615,-
KDF 9,8/6/2025,32,Silvia,33.B2IM,33.B15C,Si,0%,NA,NA,-,-,-,-,-,#VALUE!,-
KDF 10,8/6/2025,32,Raul,34.C208,34.C43KC,Si,66%,Cambio de marca en tiempo y forma,NA,120,120,114,1,114,0,0.05
KDF 8,8/6/2025,32,Cesar,34.C2QY,34.C24U,Si,33%,NA,NA,60,42,120,0,120,0.3,0.32
KDF 8,8/5/2025,32,Cesar,34.C2QI,34.C2QH,Si,100%,Mayor tiempo para calibración de gomas electrico,No cambiar pieza maquina durante cambio marca,90,76,102,2,51,0.155555556,2
KDF 8,8/5/2025,32,Marcos,34.C2QH,34.C2QY,Si,100%,4 Paros por que no hace empalme en el cambio de bobina,Revisar despues de un reseteo o reinicio de maquina,90,83,94,4,23.5,0.077777778,0.98
KDF 8,8/7/2025,32,Eduardo,34.C24U,34.C2QPC,Si,66%,"Rutina de S. de empalme, arranque con circunferencia baja",NA,60,56,-,-,-,0.066666667,-
KDF 17,8/7/2025,32,Monse,34.C46B,34.C47G,Si,100%,"Ajuste y asignación de materiales, tarda en regular la CFR, paro por exceso de silica en rueda 4, paros en relevo del comedor",Tomar en cuenta lo que se tarda en ajustar materiales,55,72,120,3,40,-0.309090909,0.66
KDF 17,8/12/2025,33,Uriel,34.C54C,34.C53T,Si,66%,"Se realiza CIL 45min durante cambio de marca ajuste y desenganche de materiales, prueba de plastificante",NA,65,98,115,0,115,-0.507692308,1.3
KDF 17,8/12/2025,33,Marco,34.C47G,34.C54C,Si,100%,Explisión cápsula por faltante,Revisión de llenado de cápsula,55,50,120,0,120,0.090909091,0.2
KDF 8,8/12/2025,33,Eduardo,34.C3DPC,34.C24UC,Si,100%,"Se tienen paros por filtro atorado en el tambor, se ajusta la mica de tambor",NA,60,53,93,3,31,0.116666667,0.6
KDF 8,8/12/2025,33,Marcos,34.C2T7,34.C3DFC,Si,66%,"Se tarda en arrancar por sacar etiquetas, ajuste de materiales, paros por filtro atorado en el tambor y por embarramiento",NA,60,69,111,3,37,-0.15,0.75
KDF 8,8/11/2025,33,Eduardo,34.C2QPC,34.C2T7,Si,66%,"Paro porque se colgo mecha al hacer ajustes en la AF, tira por posición de cápsula, no se corre 2 horas por paro de mantenimeinto.",NA,60,54,46,1,46,0.1,0.52
KDF 7,8/12/2025,33,Silvia,33.B2LI,33.B123,Si,66%,Vaciado de bateas,NA,55,149,120,0,120,-1.709090909,0.2
KDF 9,8/12/2025,33,Silvia,33.B1SC,33.B129,Si,66%,Vaciado de bateas,NA,65,192,120,0,120,-1.953846154,0.1
KDF 17,8/13/2025,33,Monse,34.C53T,34.C549,Si,100%,"Paro en la hora del relevo, FRR alto ya que tarda en regular la CFR",Todo bien,55,82,120,1,120,-0.490909091,0.73
KDF 17,8/14/2025,33,Marco,34.C549,34.C46B,Si,100%,Capsula fragil 20.A317,"Escalar a calidad tema de cápsula, elevación de FRR",55,51,120,0,120,0.072727273,0.9
KDF 10,8/12/2025,33,Felipe,34.C465,34.C2QC,Si,66%,"Se cumple con tiempo de cambio de marca, ya se tenia buffer de semifiltro de 120mm, solo se espera semifiltro 140mm",NA,90,91,115,1,115,-0.011111111,0.1
KDF 10,8/15/2025,33,Bety,34.C2QC,34.C2Q8,Si,33%,NA,NA,120,68,107,2,53.5,0.433333333,0.13
KDF 17,8/20/2025,34,Marco,34.C46B,34.C47H,Si,100%,Todo Ok,"Escalar toma de cápsula con porveedor, silica y cápsula deforme",65,52,115,0,115,0.2,0.2
KDF 17,8/21/2025,34,Uriel,34.C47H,34.C46B,Si,66%,"Limpieza de puntos criticos para calidad, ajuste y despeje de material",NA,65,57,115,0,115,0.123076923,0.7
KDF 17,8/23/2025,34,Uriel,34.C46B,34.C47G,Si,100%,"CIL 40min, CO 42min. Ajuste y despeje de material, aumentar FRR ya que tarda demasiado en regular diametro al arranque",Levantar ticket de material a tiempo,65,82,115,0,115,-0.261538462,0.7
KDF 8,8/18/2025,34,Eduardo,34.C2QH,34.C2QPC,Si,66%,"Limpieza profunda en la HCF para eliminar olor a mentol, paro por filtro atorado en tambor",85,85,74,116,1,116,0.129411765,0.27
KDF 8,8/20/2025,34,Cesar,34.C2QPC,34.C2QY,Si,66%,"Planear cambio de marca desde DDS, no habia orden ni material",NA,60,32,120,0,120,0.466666667,0.39
KDF 8,8/21/2025,34,Eduardo,34.C2QY,34.C2QPC,Si,66%,"Se realiza rutina de toma mestras, limpieza profunda por silica excesiva",NA,60,52,120,0,120,0.133333333,0.25
KDF 11,8/12/2025,33,Nico,34.C1YA,34.C1ZGC ,Si,66%,Se realiza CIL,NA,45,62,96,4,24,-0.377777778,0
KDF 8,8/23/2025,34,Julio,34.C2QPC,34.C24U,Si,66%,Un paro por boquilla tapada de refuerzo,NA,60,56,113,1,113,0.066666667,0.26
KDF 11,8/19/2025,34,Milton,34.C1YA,34.C2L5,Si,66%,"Espera de cápsula movimiento a vibración de máquina, Filtros atorados en tambor",NA,45,92,111,4,27.75,-1.044444444,0.9
KDF 11,8/20/2025,34,Milton,34.C2L5,34.C2QY,Si,100%,"2 paros por empalme, se ajusta presión de rodillos de empalme, 1 paro batea no entra en HCF, 3 paros manuales, desperdicio por posicion, se regresan a CO C, HCI midas no responde","Se cuelga mecha en RV3 al arranque, se baja RTD para poder arrancar. Validar presión de empalme de rodillos dirante el CO. Validar COCL de HCI y actualizar RV4, RV5, RV6",95,95,74,6,12.3,0,3.78
KDF 9,8/26/2025,35,Luis,33.B124,33.B129,Si,66%,Se realizan ajustes de colocacion del segmento en el disco.,NA,65,95,116,3,38.66666667,-0.461538462,0.64
KDF 8,8/29/2025,35,Marcos,34.C2QPC,34.C24UC,Si,66%,Paro por cápsula atorada en vortezm cásula aplastada,NA,60,58,116,1,116,0.033333333,0.32
KDF 8,8/25/2025,35,Marcos,34.C24U,34.C2QPC,Si,100%,"Entrega de cambios de turno, se tiene parosp or filtro atorado en tambor, se limpia ductos de vacio",Realizar rutina de tambor y lanzadores,60,22,100,2,50,0.633333333,0.47
KDF 17,8/26/2025,35,Uriel,34.C53V,34.C46B,Si,100%,"Se junta el cambio de turno, termino de limpieza de Exp y esmerilaes, preparación de máquina, asignación de materiales",Todo bien,65,91,115,0,115,-0.4,0.63
KDF 17,8/26/2025,35,Uriel,34.C47G,34.C53V,Si,100%,"CIL 40min, se realiza MPV rutina, revision de rodillos AF, cambio de marca 39min, ajuste y despeje de materiales, limpieza profunda de FxP por exceso de silica",Agregar inspección y limpieza de riel prisma y cepillos,65,79,115,0,115,-0.215384615,0.55
KDF 10,8/25/2025,35,Bety,34.C2Q8,34.C2QC,Si,33%,NA,NA,120,121,109,1,109,-0.008333333,0.13
KDF 11,8/25/2025,35,Edith,34.C24U,34.C2QY,Si,66%,Se realiza CIL,NA,45,56,117,1,117,-0.244444444,0.1
KDF 11,8/28/2025,35,Nico,34.C2QY,34.C24UC,Si,33%,NA,NA,45,50,115,0,115,-0.111111111,0.62
KDF 17,9/1/2025,36,Monse,34.C247H,34.C47G,Si,100%,"Desperdicio alto por problemas al arranque del dia Lunes y cuota pequeña de marca anterior, lo cual no baja desperdicio, paros en la hora de relevo para comedor",Arrancar lo mejor posible para evitar FRR alto,65,40,115,3,38.33333333,38%,1.34
KDF 11,9/5/2025,36,Nico,34.C24U,34.C1YA,Si,66%,"Al arranque varilla no cierra se ajusta ataque de HI, camara de gomas esta desajustada se realizan paros para inspeccion y ajuste, se arranca en blanco para probar parametros",NA,95,98,41,10,4.1,-3%,2.5
KDF 8,9/8/2025,37,Eduardo,34.c24u,34.C2QI,Si,100%,"Se metio timepo de falla de proceso por ajustes en la tobera de mentol, ataque y desplazamiento, camvio de resorte, se comenzo a tirar por faltante de capsula",Destinar tiempo por la mejora que se hizo a la pistola de mentol,100,100,120,1,120,0%,0.8
KDF 11,9/6/2025,36,Nico,34.C1YA,34.C2HKC,Si,33%,"Se realiza purga de PVA, en espera de temperatura de maquina, se purga HT y plastificante",NA,45,-,-,-,-,#VALUE!,-
KDF 9,9/6/2025,36,Silvia,33.B129,33.B3J0,Si,33%,NA,NA,65,91,120,0,120,-40%,0.46
KDF 9,8/15/2025,33,Luis,33.B129,33.B124,Si,100%,"Aumento en desperdicio por faciante, se realizan paros para inspeccionar el sistema Aiger",Revisar en CIL y cambios de marca ajustes en sistemas se presenta falla anterior,65,73,106,4,26.5,-12%,1.16
KDF 17,9/2/2025,36,Uriel,34.C47G,34.C549,Si,100%,"Se arranca tarde por el traslape de turno, se deja la limpieza para el cambio de marca, asignación de materiales, cápsula atorada V2, problemas con cápsula deforme 20.A361","Tratar de adelantar el cambio de marca en los traslapes de turno ¿, para arrancar lo mas pronto posible",65,83,115,3,38.33333333,-28%,1.16
KDF 8,9/5/2025,36,Cesar,34.C24UC,34.C2T7,Si,66%,2 Paros por limpieza de boquilla de HM,NA,60,35,86,2,43,42%,0.21
KDF 8,9/6/2025,36,Marcos,34.C2T7,34.C24U,Si,33%,NA,NA,60,49,83,0,83,18%,0.91
KDF 10,9/6/2025,36,Raul,34.C2QC,34.C5JR,Si,33%,Cambio de marca en timepos y forma OK,NA,120,100,113,1,113,17%,0.4
KDF 17,9/6/2025,36,Uriel,34.C46B,34.C53V,Si,100%,"Limpieza FxP, ajuste y despeje de materiales, 1 paro varilla abierta, mecha con grumo y enredo de mecha V3",Todo Ok,65,37,110,3,36.66666667,43%,
KDF 17,9/11/2025,37,Monse,34.C47G,34.C46B,Si,100%,"Asignación y ajuste de materiales, preparación de máquina, desperdicio alto por exceso de silica con cápsula y marca anterior, paro por cápsula atorada V1",Todo Ok,55,76,120,1,120,-38%,0.65
KDF 17,9/10/2025,37,Marco,34.C549,34.C47G,Si,100%,Todo Ok,Todo Ok,55,70,115,1,115,-27%,0.8
KDF 9,9/11/2025,37,Fernando,33.B129,33.B124,Si,33%,NA,NA,65,121,120,0,120,-86%,0.46
KDF 8,9/11/2025,37,Eduardo,34.C2QI,34.C2QH,Si,66%,Sin desvios,NA,90,85,120,2,60,6%,0.06
KDF 8,9/11/2025,37,Cesar,34.C2QH,34.C24U,Si,66%,NA,NA,85,46,120,0,120,46%,0.04
KDF 10,9/11/2025,37,Raul,34.C2QC,34.C2Q8,Si,66%,Cambio de marca en timepos y forma OK,NA,120,89,115,0,115,26%,0.1
KDF 17,9/19/2025,38,Monse,34.C54C,34.C46B,Si,100%,Arranque dentro de tiempo,Se realiza cambio de marca en tiempo,55,48,120,0,120,13%,0.4
KDF 17,9/18/2025,38,Uriel,34.C46B,34.C54C,Si,100%,"Se cruza el cambio de turno con el cambio de marca, se llena rueda VI al arranque",Tratar de arrancar en tiempo,65,70,115,1,115,-8%,0.49
KDF 17,9/17/2025,38,Monse,34.C47H,34.C46B,Si,100%,Se cambia de marca casi al final del 1er turno,Todo Ok,55,48,120,0,120,13%,0.3
KDF 8,9/24/2025,39,Marcos,34.C24UC,34.C2QYC,Si,100%,"Paros por empalme, queda atorado en el ODM, embarramiento de goma, no alimenta capsula o las ruedas, suciedad de goma en plegador","Revisoón de por que no alimenta o se queda la capsula atorada en la manguera, hacer prueba en limpieza de ruedas, ajuste de toberas, revisión y limpieza de navajas de corte de papel.",60,52,110,5,22,13%,0.59
KDF 8,9/24/2025,39,Marcos,34.C2QYC,34.C24UC,Si,66%,"Paros por movimiento de papel, por goteo de goma",NA,60,92,2,42,0.047619048,-53%,0.5
KDF 8,9/25/2025,39,Eduardo,34.C2QPC,34.C2T7,Si,66%,"Al arrancar se tienen problemas con el ajsute del diametro positivo, la leva no regula, se pide soporte al electrico.",NA,60,60,20,2,10,0%,0.9
KDF 8,9/25/2025,39,Ediuardo,34.C2T7,34.C24U,Si,66%,"Leva no regula diametro, se pide soporte al electrico, se da limpieza por dentro de la barra formadora y se reseteo el ODM",,60,60,75,15,5,0%,0.98
KDF 17,9/25/2025,39,Monse,34.C46B,34.C549,Si,100%,Se arranca sin porblemas,Todo Ok,55,59,120,0,120,-7%,0.3
KDF 17,9/27/2025,39,Uriel,34.C549,34.C53T,Si,100%,"Limpieza flexport, 3 paros por capsula atorada, FRR alto por expulsión constante de filtro por cápsula frágil, lite de cápsula 20.A340 MG-L091202 recertificado","Que LC se aseguren de que la cápsula no sea recertificada, para consumoen cambios de marca ya que solo porvocan auento de FRR y paros",55,40,115,3,38.33333333,27%,3.3
KDF 9,9/29/2025,40,Silvia,33.B124,33.B129,Si,66%,Vaciado de bateas,NA,65,79,119,1,119,-22%,0.38
KDF 10,9/29/2025,40,Victor,34.C2Q8,34.C2QC,Si,66%,Se realiza cambio de marca en timepo y forma ok solo 1 paro por error de sincronización cola fría,NA,120,86,114,1,114,28%,0.058
KDF 8,9/30/2025,40,Cesar,34.C24U,34.C2QI,Si,100%,OK,NA,100,71,109,2,54.5,29%,0.47
KDF 8,10/4/2025,40,Cesar,34.C2QI,34.C2QH,Si,100%,"Desperdicio alto , varilla abierta, suciedad goma en plegador",NA,90,69,112,2,56,23%,0.07
KDF 8,10/4/2025,40,Cesar,34.C2QH,34.C24U,Si,100%,"Paros por que no hace empalme, electrico en la limpieza del ODM, apoto KDF entonces perdio sincronia el timepo de aceleración en el cambio de bobina, se coloca en 5 , para el cambio de bobina ta despues del cambio se regresa a 7","No apagar la KDF, o cuando se apague bajar a 5 el tiempo de aceleración ya despues del cambio regresar a 7",80,63,69,4,17.25,21%,0.52
KDF 17,9/30/2025,40,Marco,34.C53T,34.C47G,Si,66%,NA,Dejar de utilizar cápsula recertificada en cambios de marca,55,42,120,0,120,24%,0.3
KDF 17,9/30/2025,40,Monse,34.C47G,34.C46B,Si,100%,"Se termina el cambio de marca a tiempo, paros en el relevo para comedor",Tener en cuenta paros en relevos ya que se incrementa el FM,55,51,120,3,40,7%,0.48
KDF 17,9/30/2025,40,Monse,34.C46B,34.C53V,Si,100%,"Arranque sin problemas, termino de cambio de marca en timepo",Todo bien,55,47,120,0,120,15%,0.4
KDF 17,10/4/2025,40,Monse,34.C53V,34.C549,Si,100%,"Todo Ok, preparación de máquina, junta shift DDS, Cápsula quebrada atorada en V1, 20.A307","Todo Ok, escalar a cálidad tema de cápsula.",55,90,115,1,115,-64%,0.6
KDF 9,10/11/2025,41,Silvia,33.B124,33.B129,Si,0%,NA,NA,65,,,,0,100%,
KDF 9,10/11/2025,41,Luis,33.B129,33.B124,Si,100%,"Paro por canal bloqueado, cápsula deforme",Revisar condiciones A AF BWIFS de cap al vaciarlas,65,53,120,1,120,18%,0.27
KDF 10,10/11/2025,41,Raul,34.C2QC,34.C2Q8,Si,33%,NA,NA,120,95,110,1,110,21%,
KDF 10,10/11/2025,41,Victor,34.C2Q8,34.C2QC,Si,33%,NA,NA,90,81,110,2,55,10%,0.052
KDF 11,10/9/2025,41,Edith,34.C2L5,34.C2HKC,Si,66%,Paros por que revienta papel porta bobina,NA,45,46,80,3,26.66666667,-2%,0.1
KDF 17,10/7/2025,41,Monse,34.C47G,34.C46B,Si,100%,"Paro manual por mal corte de filtro, se inspecciona cabezal de cortte por mécanico y se cambian cuchillas","Escalar a calidad cápsula on defectos, Establecer CL de altura de cuchillas en cabezal de corte",55,53,80,2,40,4%,1.3
KDF 17,10/9/2025,41,Monse,34.C46B,34.C54E,Si,100%,Todo Ok,Todo Ok,65,69,120,0,120,-6%,0.3
KDF 8,10/7/2025,41,Marcos,34.C24UC,34.C2QYC,Si,33%,NA,NA,60,56,120,0,120,7%,0.1
KDF 8,10/8/2025,41,Eduardo,34.C2QY,34.C2UC,Si,66%,"Lote de cápsula nuevo, no estaba en la ubicación, paro por varillla abierta, acumulación de goma en pelgador",NA,60,71,115,1,115,-18%,0.31
KDF 11,9/23/2025,39,Milton,34.C2QY,34.C2HK,Si,66%,Se tarda más por que se toma medidas y se sigue la SIMPTWW por mécanico,NA,95,106,110,2,55,-12%,1.36
KDF 11,9/23/2025,39,Axtel,34.C2HKC,34.C2L5,Si,100%,"Paro por varilla abierta, se ajusta ataque, 1 paro por empalme",Definir CL de ataque de tobera,45,59,106,2,53,-31%,0.7
KDF 11,9/24/2025,39,Milton,34.C2L5,34.C1YA,Si,100%,"Se tiene un paro por que no realiza empalme, FRR por que se realiza prueba de plastificante",SAsegurar los CL sobre el sistema de empalme,45,46,115,1,115,-2%,0.63
KDF 11,9/25/2025,39,Milton,34.C1YA,34.C2QY,Si,100%,"Validación de medidas de formador, se regresan medidas de lengueta a C, se valida escantillón para toberas de PVA y HM, Se ajustan abandas de salida, atasco en salida",Crear un checklist de cambio de marca regular vs slim,95,,81,4,20.25,100%,1.06
KDF 11,10/6/2025,41,Nico,34.C24U,34.C2QY,Si,66%,Se realiza CIL durante el cambio de marca,NA,45,47,119,1,119,-4%,0.1
KDF 11,10/9/2025,41,Milton,34.C2QY,34.C2L5,Si,66%,Se encontro frenado de portabobinas en 7.5N y se ajusta a 7N por 3 paros se revienta papel 2 paros ajuste de bandas de salida por filtros marcados,NA,95,108,73,6,12.16666667,-14%,2.1
KDF 17,10/15/2025,42,Uriel,34.C54E,34.C53U,Si,100%,"Se realiza CIL durante cambio de marca, FRR Alto por arranque de maquina y expulsión constante de cápsula en ruedas fexport, ajuste y despeje de materiales",Eliminar actividad N.20 del cambio de marca ya que no se produce expo en KDF 17,65,101,115,0,115,-55%,4.25
KDF 8,10/17/2025,42,Marcos,34.C2QYC,34.C24UC,Si,0%,NA,NA,50,47,-,-,-,6%,-
KDF 11,10/18/2025,42,Milton,34.C24UC,34.C2T7,Si,66%,Definir CL de RTD para marca 34.C2T7,NA,45,46,115,1,115,-2%,-
KDF 10,10/23/2025,43,Raul,34.C2QC,34.C2Q8,Si,66%,Se realiza cambio de marca en tiempo y forma OK.,NA,120,53,115,2,57.5,56%,0.042
KDF 9,10/23/2025,43,Silvia,33.B129,33.B124,Si,66%,"Vaciado de bateas,  canales bloqueados elevan desperdicio, se rechaza lote ",NA,65,114,85,4,21.25,-75%,1.17
KDF-8,11/22/2025,47,Marcos,34.C2QI,34.C2QH,SI,0%,NA,NA,60,,,,0,-100%,
KDF-8,11/21/2025,47,Marcos,34.C24U,34.C2QY,SI,100%,Cambio de marca no planeado. Grumo en mecha. Filtro atorado en el tambor,Mejor planeación en cambios de marca. Revisión con calidad de mecha,50,63,110,3,36.66666667,26%,0.72
KDF-8,11/7/2025,45,Marcos,34.C2QY,34.C24UC,SI,66%,Realización de revisión cantidad gomas,NA,50,23,113,3,37.66666667,-54%,0.04
KDF-8,11/22/2025,47,Marcos,34.C2QY,34.C2QI,SI,66%,"Falla en la tobera de mentol, no salía mentol, estaba tapado. Falla por cápsula atorada y tira mucho por falta de cápsuña, se baja a 2000 fil/min",NA,75,152,60,10,6,103%,-4.1
KDF-11,11/19/2025,47,Edith,34.C2L5,34.C5QPC,SI,0%,NA,NA,45,45,120,0,120,0%,-1
KDF-11,11/24/2025,48,Nicolás,34.C1YA,34.C2QY,SI,66%,Preparación de máquina despues de paro por fin de semana,NA,90,83,110,2,55,-8%,
KDF-11,11/26/2025,48,Nico y Milton,34.C2QY,34.C24U,SI,66%,Se realiza CIL y se reparan DH,NA,45,,,,0,-100%,
KDF-11,11/29/2025,48,Nicolás,34.C2QY,34.C2T7,SI,66%,Se realiza CIL. Se ajustan materiales,NA,45,39,,0,0,-13%,0.6
KDF 17,11/24/2025,48,Monserrat,34.C47G,34.C46B,SI,66%,Desperdicio alto por problemas con la cápsula de la marca anterior,NA,45,44,120,2,60,-2%,1.05
KDF 9,11/21/2025,47,Raul,34.C2Q8,34.C2QC,SI,66%,Cambio de marca en tiempo y forma ,NA,105,65,114,1,114,-38%,0.02
KDF-17,12/1/2025,49,Marco ,34.C46B,34.C47G,SI,100%,Todo okey,Todo okey,60,43,120,0,120,-28%,1.03
KDF-9,11/21/2025,47,Fernando,33.B124,33.B129,SI,66%,Vaciado de banda flexton,NA,65,107,117,0,117,65%,0.54
KDF-17,11/21/2025,47,Marco,34.C549,34.C47H,SI,100%,Todo okey,Todo okey,60,50,120,1,120,-17%,0.8
KDF-17,11/22/2025,47,Marco,34.C47H,34.C54C,SI,100%,todo okey,Todo okey,60,52,120,0,120,-13%,0.6
KDF-17,11/14/2025,46,Milton,34.C4GB,34.C549,SI,0%,NA,NA,45,45,115,1,115,0%,0.7
KDF-11,11/20/2025,47,Nico,34.C5QPC,34.C1YA,SI,66%,Se realiza CIL. Se ajustan materiales,NA,45,28,115,2,57.5,-38%,0.6
KDF-11,12/2/2025,49,Milton,34.C240,34.CIYA,SI,66%,Variación RTD. Desperdicio cápsula faltante y posición,NA,90,60,104,2,52,-33%,1.51
KDF-17,12/4/2025,49,Marco,34.C47G,34.C5T3,SI,100%,Tiempo excedido por rutina a sistema empalme ,Procurar tomar tiempo en Shift DDS.,60,69,120,1,120,15%,1
KDF 11,12/5/2025,49,Milton,34.CIYA,34.C2L5,SI,66%,FRR alto porque se vacía la rueda de alimentacion. No baja la capsula en el deposito,NA,45,45,115,1,115,0%,1.7
KDF 8,12/4/2025,49,Eduardo,34.C2QH,34.C24UC,SI,66%,Paro por maquina siguiente. Toma de medidas de toveras,NA,60,58,-,-,-,-3%,
KDF 8,12/4/2025,49,Marcos,34.C24U,34.C2QH,SI,100%,"Paros porque estaba obstruido el % de la chapaleta. Suciedad de hotmelt. Goma guia de papel, esta goteando la tobera de anclaje ",Revisar CL de anclaje con tobera de mentol. Revisar o agregar al CIL la actividad de chapaleta en cada cambio de marca. Revisar ajustes de toberas al arrancar tobera,60,63,78,6,13,5%,0.9
KDF 11,12/5/2025,49,Edith,34.C2L5,34.C12GC,SI,66%,Desperdicio por cap faltante ,NA,45,47,120,0,120,4%,0.2
KDF-17,12/11/2025,50,Uriel,34.C5T3,34.C54C,SI,66%,Cambio de cuchillas y servicio de afilado.  1 paro varilla abierta / cae capsula en lengueta ,NA,50,54,113,1,113,8%,1.2
KDF-17,12/7/2025,50,Uriel,34.C54C,34.C47H,SI,66%,Desperdicio alto por marca anterior estuvo soltando demasiada cpasula en felxport,NA,50,35,115,0,115,-30%,1.4
